System_Name,Mass,Body,Parent,Type,Primary_Star_Class,Temp_K,Radius_km,Gravity_g,Orbit_d,Rot_d,Volcanism,Rock%,Metal%,Area,Dist_to_Sol,Dist_to_GammaVel,X,Y,Z,Sys_He%,Age_Myr,Notes
Synuefe XR-H d11-102,D,1 b,Y,b,F3 VB,299,"1,122",0.13,6.9,-6.9,NO,90.46,9.54,Regor,368.40,750.54,357.34375,-49.34375,-74.75,25.96,"3,600",750.54 ly from Gamma Vel
IC 2391 Sector YE-A d103,D,B 1,K,c,"F9 VAB, K7 VA, M7 VA",245,"1,530",0.22,29.0,49.1 (locked),NO,66.69,33.31,Regor,500.00,620.01,489.03125,-98.09375,-34.96875,N/A,"1,896",Pair with B 2
IC 2391 Sector ZE-A d101,D,C 3,L,a,"F9 VB, M0 VA, L3 V",300,"1,505",0.22,7.5,7.5 (locked),NO,66.34,33.66,Regor,534.89,583.78,526.5,-86.375,-37.9375,25.46,"1,680",
Synuefe XO-P c22-17,C,C 1,L,b,"K9 VA, M9 VI, L8 V, M8 VA",244,"1,813",0.27,6.4,6.4,NO,66.70,33.30,Regor,558.45,560.78,546.90625,-56.46875,-97.8125,26.47,"2,060",
IC 2391 Sector GW-V b2-4,B,B 1,L,b,"M5 VA, L0 V, L4 V, M4 VA",221,"1,755",0.26,22.7,22.7,NO,66.39,33.61,Regor,591.40,528.77,587.9375,-51.03125,-38.53125,N/A,"3,334",
Synuefe YY-Q c21-19,C,2 a,CIV,b,K3 VA,280,"1,637",0.20,2.5,2.5,NO,91.19,8.81,Regor,616.13,510.72,589.15625,-144.5,-107.84375,26.37,"5,552",
IC 2391 Sector FL-X b1-7,B,A 2,M,a,"M5 VA, M8 VA, T5 V",282,"2,171",0.32,1.4,2.0,YES,67.33,32.67,Regor,618.51,499.39,611.34375,-78.40625,-51.6875,N/A,384,Pair with A 3 (Structure)
Synuefe CN-H d11-63,D,A 2 b,Y,c,"F5 VAB, K8 VA",244,"1,891",0.23,2.3,2.3,NO,91.16,8.84,Regor,630.78,494.08,610.96875,-145.78125,-57.90625,27.70,"1,370",
Synuefe DK-D b46-4,B,C 1,L,b,"M2 VA, L1 V, L7 V",283,"2,308",0.35,2.8,2.8,NO,66.82,33.18,Regor,661.01,456.96,652.9375,-63.90625,-80.78125,27.15,242,Body has a structure
Synuefe ZR-I b43-10,B,D 2,T,b a a,"M1 VA, M9 VI, M8 VA, T2 V",284,"1,186",0.17,1.7,1.7 (locked),YES,67.44,32.56,Regor,826.42,300.66,811.40625,-60.4375,-144.71875,26.33,"8,252",Body has a structure
Synuefe CE-R c21-6,C,C 1,L,a b a,"K8 VA, M6 VA, L4 V",302,"1,319",0.19,4.2,4.2,NO,67.42,32.58,Regor,838.48,281.04,828.1875,-78,-105.1875,26.43,498,Body has a structure
Synuefe ZL-J d10-119,D,9 b,CIII,a,F9 VI,230,"1,300",0.15,2.9,2.9 (locked),NO,91.14,8.86,Regor,849.98,282.46,834.21875,-51.21875,-154.65625,27.88,412,Body has a structure
Synuefe LY-I b42-2,B,C 2,L,c c b,"M6 VA, L3 V, L1 V, L0 V, T4 V",285,"2,128",0.32,6.9,6.9,NO,67.08,32.92,Regor,858.05,295.02,814.71875,-222.78125,-151.15625,N/A,264,Body has a structure
Synuefe ZL-J d10-109,D,E 3,L,b b a,"K0 VAB, K6 VA, M7 VA, K5 VAB, L0 V",200,"2,300",0.34,52.7,52.7,NO,67.46,32.54,Regor,863.26,264.58,852.65625,-51.125,-124.84375,27.63,"2,272",Body has a structure
Synuefe TP-F b44-0,B,CD 1,L + L,a b c,"M5 VA, L2 V, L2 V, L7 V",295,"1,952",0.29,0.4,0.6 (locked),YES,67.28,32.72,Regor,869.00,266.33,838.75,-197.84375,-111.84375,N/A,"3,828",Pair with CD 2 | Body has a structure
Synuefe NL-N c23-4,C,B 3,M,c a a,"K7 VA, M7 VA, M6 VA",283,"2,052",0.30,20.0,19.9 (locked),NO,66.84,33.16,Regor,871.24,250.83,860.125,-124.59375,-61.0625,N/A,"2,058",Body has a structure
HIP 39768,F,A 14 f,L,b b,"B8 IV, Black Hole",283,"1,645",0.20,70.8,70.8,NO,91.14,8.86,Regor,881.51,235.54,866.59375,-119.125,-109.03125,28.91,756,Body has a structure
Col 173 Sector PF-E b28-3,B,B 1,M,a b,"M5 VA, M9 VI",285,"1,243",0.18,0.9,1.4,YES,67.09,32.91,Regor,889.08,232.66,870.34375,-156.03125,-92.84375,N/A,"6,018",Pair with B 2 | Body has a structure
Col 173 Sector QU-O d6-25,D,5 b,Y,b a,F5 VAB,248,"1,493",0.18,3.0,3.0,NO,91.09,8.91,Regor,916.05,229.26,878.84375,-205.5625,-156.59375,26.02,422,Body has a structure
Vela Dark Region EL-Y d32,D,B 1,K,c a b,"F6 VB, K2 VA",287,"2,123",0.32,172.6,0.6,NO,66.15,33.85,Regor,"1,016.39",122.14,1000.65625,-166.21875,-64.15625,N/A,"1,924",Body has a structure
Col 173 Sector DX-K d8-17,D,5 a,CIII,a c,F6 VAB,237,"1,768",0.26,0.4,0.5 (locked),YES,68.16,31.84,Regor,"1,023.37",275.97,961.21875,-351.0625,-9.71875,27.65,"1,120",Pair with 5 b (ruins)
Col 173 Sector DX-K d8-17,D,5 b,CIII,a,F6 VAB,237,"1,939",0.29,0.4,-0.8,YES,68.86,31.14,Regor,"1,023.37",275.97,961.21875,-351.0625,-9.71875,27.65,"1,120",Pair with 5 a (ruins)
Col 173 Sector JX-K b24-0,B,B 2,L,c a,"M1 VA, L9 V",294,"1,459",0.21,4.0,3.9 (locked),NO,67.06,32.94,Regor,"1,025.52",120.77,993.0625,-188.1875,-173.53125,26.21,"12,913",Body has a structure
Col 173 Sector JX-K b24-0,B,B 4,L,b,"M1 VA, L9 V",248,"1,982",0.29,9.1,9.0,NO,66.73,33.27,Regor,"1,025.52",120.77,993.0625,-188.1875,-173.53125,26.21,"12,913",
Col 173 Sector KN-J b25-5,B,C 3,T,b c b,"M2 VA, L1 V, T2 V, M8 VA",291,"1,015",0.14,1.4,1.4 (locked),YES,67.01,32.99,Regor,"1,026.98",100.09,1002.90625,-152.28125,-160.25,N/A,"8,446",Body has a structure
Col 173 Sector AI-H c11-22,C,B 1,M,c c a,"G8 VAB, M6 VA, M3 VA",234,"1,407",0.20,44.7,44.7,NO,67.02,32.98,Regor,"1,026.99",133.48,992.6875,-153.625,-213.71875,N/A,"3,156",Body has a structure
Col 173 Sector OE-P d6-11,D,B 3,M,a a b,"M0 VA, M7 VA, L9 V",296,"1,967",0.29,14.6,14.6,NO,67.21,32.79,Regor,"1,031.37",122.84,1014.34375,-67.59375,-173.96875,N/A,372,
Col 173 Sector OE-P d6-11,D,C 2,L,a c,"M0 VA, M7 VA, L9 V",231,"1,538",0.22,8.2,8.2,NO,67.21,32.79,Regor,"1,031.37",122.84,1014.34375,-67.59375,-173.96875,N/A,372,
Col 173 Sector WZ-O b22-4,B,C 5,L,c a a,"M4 VA, L6 V, L1 V, T3 V",282,"1,617",0.24,5.7,5.7 (locked),NO,67.30,32.70,Regor,"1,041.10",117.89,1011.0625,-131.78125,-210.4375,N/A,260,Body has a structure
Col 173 Sector WZ-O b22-4,B,C 6,L,c,"M4 VA, L6 V, L1 V, T3 V",249,"1,920",0.28,8.7,-8.7,NO,66.99,33.01,Regor,"1,041.10",117.89,1011.0625,-131.78125,-210.4375,N/A,260,
Col 173 Sector MK-D c13-3,B,B 2,M,a c a,"K4 VA, M7 VA, L6 V",276,"2,057",0.30,0.8,1.0 (locked),YES,67.47,32.53,Regor,"1,041.85",129.48,1005.375,-235.78125,-138.15625,26.23,"9,758",Pair with B 1
Col 173 Sector DH-K b25-2,B,A 5,M,a b,"M2 VA, M6 VA, M9 VI, L4 V",285,"2,010",0.30,44.9,44.9 (locked),NO,67.21,32.79,Regor,"1,043.11",102.50,1027.09375,-80.25,-163.4375,N/A,"10,806",Body has a structure
Col 173 Sector DH-K b25-2,B,A 7,M,b,"M2 VA, M6 VA, M9 VI, L4 V",214,"2,067",0.31,116.0,116.0,NO,67.21,32.79,Regor,"1,043.11",102.50,1027.09375,-80.25,-163.4375,N/A,"10,806",
Vela Dark Region WJ-Q b5-8,B,B 1,M,a a,"M3 VA, M7 VA",273,"1,798",0.26,16.7,16.7,NO,66.86,33.14,Regor,"1,043.71",126.77,1036.6875,-117.75,-27.1875,N/A,"5,342",
Vela Dark Region WJ-Q b5-8,B,B 2,M,b,"M3 VA, M7 VA",246,"1,498",0.22,24.1,24.1,NO,66.86,33.14,Regor,"1,043.71",126.77,1036.6875,-117.75,-27.1875,N/A,"5,342",
Col 173 Sector YV-M d7-23,D,A 7 a,CIII,b a,"F8 VAB, M0 VA",206,"1,621",0.20,2.4,2.4 (locked),NO,90.81,9.19,Regor,"1,044.20",165.89,1005.46875,-271.125,-76.625,26.52,276,
Col 173 Sector PV-B c14-1,C,D 2,T,c c c,"K7 VA, L3 V, M3 VA, T2 V",273,"1,052",0.15,2.9,2.9 (locked),NO,66.67,33.33,Regor,"1,049.63",116.05,1023.65625,-217.40625,-81.09375,25.74,266,
Vela Dark Region KR-W c1-24,C,7 a,CIII,a a,G9 VA,250,"1,651",0.20,0.8,0.8,YES,91.02,8.98,Regor,"1,053.22",80.25,1036.875,-163.59375,-85.96875,27.39,266,Body has a structure
Vela Dark Region KR-W c1-24,C,7 c,CIII,b,G9 VA,288,"1,105",0.13,0.5,0.7 (locked),YES,91.02,8.98,Regor,"1,053.22",80.25,1036.875,-163.59375,-85.96875,27.39,266,Pair with 7 b
Vela Dark Region WT-R b4-3,B,B 1,L,c,"M7 VA, L7 V",304,"1,398",0.20,2.2,2.1 (locked),YES,67.15,32.85,Regor,"1,058.48",90.32,1044.6875,-158.4375,-62.5625,N/A,"2,344",
Vela Dark Region WT-R b4-3,B,B 2,L,c b,"M7 VA, L7 V",246,"1,190",0.17,4.7,4.6,NO,67.15,32.85,Regor,"1,058.48",90.32,1044.6875,-158.4375,-62.5625,N/A,"2,344",
Col 173 Sector HR-M b23-3,B,B 7,TTS,a a,"TTS5 VA, TTS8 VA, TTS8 VI",299,"1,026",0.15,17.0,17.0,NO,67.38,32.62,Regor,"1,059.94",106.16,1024.28125,-191.71875,-193.8125,N/A,180,Body has a structure
Col 173 Sector HR-M b23-3,B,C 5,TTS,b,"TTS5 VA, TTS8 VA, TTS8 VI",240,"2,372",0.36,15.9,15.9,NO,67.38,32.62,Regor,"1,059.94",106.16,1024.28125,-191.71875,-193.8125,N/A,180,
Vela Dark Region YO-R b4-1,B,B 4,L,b c,"M1 VA, L3 V, M7 VA, T1 V",278,"1,789",0.26,12.7,12.7,NO,67.35,32.65,Regor,"1,061.56",107.71,1045.625,-177.53125,-45.40625,26.43,"9,136",
Vela Dark Region YO-R b4-1,B,D 2,T,c,"M1 VA, L3 V, M7 VA, T1 V",206,"2,021",0.30,5.6,5.6 (locked),NO,67.35,32.65,Regor,"1,061.56",107.71,1045.625,-177.53125,-45.40625,26.43,"9,136",
Col 173 Sector OO-Q d5-18,D,6 a,Y,b b b,F6 VB,216,"1,980",0.24,2.7,2.7 (locked),NO,90.34,9.66,Regor,"1,063.79",127.78,1020.90625,-213.65625,-209.15625,28.31,854,
Col 173 Sector OO-Q d5-18,D,6 b,Y,c a,F6 VB,200,"2,022",0.25,6.2,-6.2,NO,90.66,9.34,Regor,"1,063.79",127.78,1020.90625,-213.65625,-209.15625,28.31,854,
Vela Dark Region VO-Q b5-6,B,A 1,M,a b,"M2 VA, M3 VA",273,"1,729",0.25,53.2,53.0,NO,66.80,33.20,Regor,"1,065.19",114.18,1059.65625,-102.28125,-36.125,25.48,442,
Vela Dark Region VO-Q b5-6,B,A 2,M,c,"M2 VA, M3 VA",230,"1,744",0.26,95.7,0.5,NO,66.80,33.20,Regor,"1,065.19",114.18,1059.65625,-102.28125,-36.125,25.48,442,
Vela Dark Region VO-Q b5-1,B,B 6,M,b c,"M4 VA, M2 VA, M7 VA",289,"2,612",0.39,54.7,54.4,NO,67.47,32.53,Regor,"1,066.76",114.33,1062.03125,-91.8125,-40.4375,N/A,"12,138",
Vela Dark Region VO-Q b5-1,B,C 5,M,a,"M4 VA, M2 VA, M7 VA",234,"2,451",0.37,75.9,75.9,NO,67.47,32.53,Regor,"1,066.76",114.33,1062.03125,-91.8125,-40.4375,N/A,"12,138",
Col 173 Sector UG-B c14-0,C,C 1,L,b c,"K0 VAB, M6 VA, L0 V, T0 V",250,"2,406",0.36,8.3,8.3 (locked),NO,66.83,33.17,Regor,"1,067.67",209.03,1012.8125,-328.71875,-77.96875,N/A,502,
Col 173 Sector PD-B b29-4,B,A 5,M,b b,"M0 VZ, L0 VZ, M0 VZ",290,"1,734",0.25,46.6,46.6,NO,66.57,33.43,Regor,"1,076.61",178.02,1032.34375,-297.9375,-67.6875,28.71,218,
Col 173 Sector PD-B b29-4,B,A 6,M,a,"M0 VZ, L0 VZ, M0 VZ",289,"1,720",0.25,47.0,47.0,NO,66.57,33.43,Regor,"1,076.61",178.02,1032.34375,-297.9375,-67.6875,28.71,218,
Col 173 Sector KY-Q d5-47,D,8 c,CIII,a b,F4 VI,229,"1,242",0.15,8.5,8.5,NO,91.05,8.95,Regor,"1,077.21",133.50,1043.875,-100.75,-246.0625,28.33,"1,158",
Col 173 Sector KY-Q d5-47,D,9 a,CIII,c a,F4 VI,277,"1,116",0.13,0.8,0.8,YES,91.05,8.95,Regor,"1,077.21",133.50,1043.875,-100.75,-246.0625,28.33,"1,158",
Col 173 Sector KY-Q d5-47,D,9 d,CIII,b,F4 VI,243,"1,286",0.15,3.1,3.0 (locked),NO,91.05,8.95,Regor,"1,077.21",133.50,1043.875,-100.75,-246.0625,28.33,"1,158",
Vela Dark Region FL-Y d63,D,A 5,K,b a,"K0 VAB, M6 VA",298,"1,154",0.17,171.3,2.0,NO,67.06,32.94,Regor,"1,079.01",47.21,1064.5,-144.03125,-101.71875,N/A,"2,204",
Vela Dark Region FL-Y d63,D,B 1,M,c b,"K0 VAB, M6 VA",236,"1,034",0.15,46.6,46.6 (locked),NO,67.06,32.94,Regor,"1,079.01",47.21,1064.5,-144.03125,-101.71875,N/A,"2,204",Body has a structure
Vela Dark Region TD-S b4-5,B,C 1,L,b c b,"M1 VA, M6 VA, L3 V",284,"1,062",0.15,6.2,6.2,NO,66.84,33.16,Regor,"1,079.20",91.73,1071.21875,-121.03125,-50.09375,N/A,770,Body has a structure
Vela Dark Region TD-S b4-5,B,C 2,L,b,"M1 VA, M6 VA, L3 V",250,"1,253",0.18,10.0,10.0,NO,66.84,33.16,Regor,"1,079.20",91.73,1071.21875,-121.03125,-50.09375,N/A,770,
Vela Dark Region HB-X c1-28,C,E 2,L,a c,"M0 VA, M4 VA, L0 V, M5 VA, L6 V",278,"1,845",0.27,5.2,-5.2,NO,66.85,33.15,Regor,"1,081.76",66.87,1073.0625,-100.65625,-92.75,N/A,"7,588",Body has a structure
Vela Dark Region HB-X c1-28,C,E 3,L,c a,"M0 VA, M4 VA, L0 V, M5 VA, L6 V",245,"1,572",0.23,8.7,8.7 (locked),NO,67.64,32.36,Regor,"1,081.76",66.87,1073.0625,-100.65625,-92.75,N/A,"7,588",
Col 173 Sector OG-Z c15-35,C,B 1,M,a a c,"K4 VA, M6 VA, M6 VA",297,"1,819",0.27,21.5,21.5 (locked),NO,67.22,32.78,Regor,"1,084.21",209.72,1084.125,2.59375,12.9375,N/A,"2,466",
Col 173 Sector KP-T b34-8,B,B 2,T,c b,"M3 VA, T3 V, M8 VA",278,"1,082",0.15,0.4,0.6 (locked),YES,66.76,33.24,Regor,"1,087.38",249.50,1086.09375,25.6875,46.3125,N/A,"3,684",Pair with B 3
Vela Dark Region RC-V b2-5,B,C 3,L,a a a,"M2 VA, M4 VA, L6 V",244,"1,191",0.17,7.1,7.1,NO,67.23,32.77,Regor,"1,089.19",59.26,1072.75,-168.1875,-85.125,N/A,"6,202",
Vela Dark Region RC-V b2-5,B,C 4,L,b,"M2 VA, M4 VA, L6 V",225,"1,110",0.16,10.2,10.1 (locked),NO,67.23,32.77,Regor,"1,089.19",59.26,1072.75,-168.1875,-85.125,N/A,"6,202",
Col 173 Sector DY-G b40-4,B,D 1,L,c b a,"M6 VA, T3 V, L5 V, L6 V",280,"1,646",0.24,3.0,3.0 (locked),NO,66.73,33.27,Regor,"1,094.12",310.98,1062.34375,-198.34375,170.84375,26.39,542,
Col 173 Sector JE-V b33-4,B,B 2,L,a a a,"M6 VA, L6 V, T6 V",285,"1,028",0.15,3.2,3.2 (locked),NO,67.21,32.79,Regor,"1,103.11",221.82,1102.84375,13.25,20.0625,N/A,"2,206",
Col 173 Sector WG-J c10-16,C,B 1,K,c c b,"K2 VA, K6 VA",225,"2,026",0.30,22.5,38.0,NO,66.73,33.27,Regor,"1,106.77",129.02,1067.28125,-138.3125,-258.3125,N/A,386,Pair with B 2
Col 173 Sector LY-Q d5-59,D,8 a,Y,a c b,A9 VB,243,"1,579",0.19,1.3,1.3,YES,91.02,8.98,Regor,"1,109.96",132.24,1078.09375,-86.5625,-249.46875,27.71,"1,940",
Col 173 Sector LY-Q d5-59,D,8 b,Y,a,A9 VB,243,"1,479",0.18,2.7,2.7,NO,90.80,9.20,Regor,"1,109.96",132.24,1078.09375,-86.5625,-249.46875,27.71,"1,940",
Col 173 Sector WK-A a48-4,A,A 3,L,b a c,"L1 V, L9 V, T1 V",239,"1,900",0.28,9.6,9.6 (locked),NO,67.37,32.63,Regor,"1,114.98",120.13,1098.15625,-39.96875,-188.75,26.75,"7,602",
Col 173 Sector UM-X b16-0,B,E 1,M,b b c,"M1 VA, M3 VA, L3 V, M3 VA, M9 VI",281,"2,131",0.32,10.9,10.9 (locked),NO,67.18,32.82,Regor,"1,119.13",307.37,1005.625,-355.15625,-339.15625,26.38,"8,148",
Col 173 Sector OP-E b41-1,B,B 1,L,a b,"M5 VA, L1 V, T6 V",281,"1,373",0.20,5.7,5.7,NO,66.68,33.32,Regor,"1,121.84",327.15,1079.71875,-247.875,176.90625,N/A,614,
Swoilz AE-F c13,C,C 1,T,a c,"K5 VA, M8 VA, T7 V",280,"1,006",0.15,1.1,1.1,YES,64.53,35.47,Regor,"1,123.09",363.81,1079.3125,-216.125,222.96875,N/A,"10,626",
Col 173 Sector RI-R b21-3,B,C 1,L,c b a,"M3 VA, M6 VA, L8 V",293,"1,861",0.27,2.9,2.9,NO,67.45,32.55,Regor,"1,127.09",130.92,1099.8125,-66.71875,-237.25,25.90,798,
Col 173 Sector XG-J c10-17,C,A 2,K,b,"K6 VA, K8 VA, M7 VA",273,"1,699",0.25,203.0,1.6,NO,67.58,32.42,Regor,"1,128.13",106.62,1095.25,-127.5625,-238.40625,N/A,522,
Col 173 Sector XG-J c10-17,C,B 4,K,b b,"K6 VA, K8 VA, M7 VA",274,"1,686",0.25,161.6,2.0,NO,67.58,32.42,Regor,"1,128.13",106.62,1095.25,-127.5625,-238.40625,N/A,522,
Col 173 Sector OH-E b27-1,B,A 1,M,a a,"M6 VA, L0 V",287,"1,784",0.27,17.5,-17.5,NO,65.07,34.93,Regor,"1,135.82",191.70,1079.53125,-335.8125,-109.21875,N/A,"9,406",
Col 173 Sector AV-N b23-5,B,A 2,M,b b c,"M4 VA, T2 V, L2 V",274,"1,942",0.29,23.6,23.6,NO,67.32,32.68,Regor,"1,137.40",103.64,1117.03125,-71.03125,-202.15625,N/A,354,
Col 173 Sector CG-M b24-8,B,A 4,M,c c,"M3 VA, M9 VI, M8 VA",283,"1,401",0.20,3.6,3.7,NO,67.18,32.82,Regor,"1,143.12",100.65,1127.9375,-59.9375,-175.78125,N/A,"10,294",Pair with A 5 (ruins)
Col 173 Sector CG-M b24-8,B,A 5,M,c,"M3 VA, M9 VI, M8 VA",283,"1,289",0.19,3.6,4.8,NO,67.18,32.82,Regor,"1,143.12",100.65,1127.9375,-59.9375,-175.78125,N/A,"10,294",Pair with A 4 (ruins)
Col 173 Sector LY-Q d5-13,D,AB 9 a,Y,b a b,"F4 VB, K3 VA, F9 VAB",212,"1,187",0.14,1.5,1.4,YES,91.18,8.82,Regor,"1,144.47",104.49,1120.34375,-87.21875,-216.875,27.88,"1,286",
Col 173 Sector LY-Q d5-13,D,AB 9 b,Y,c,"F4 VB, K3 VA, F9 VAB",186,"1,168",0.14,4.0,3.8,NO,91.18,8.82,Regor,"1,144.47",104.49,1120.34375,-87.21875,-216.875,27.88,"1,286",Coldest body
Col 173 Sector RF-D c13-12,C,C 3,M,c c a,"K0 VA, K2 VAB, M3 VA",289,"2,640",0.41,20.3,-20.3,NO,65.49,34.51,Regor,"1,148.02",125.97,1108.5,-271.90625,-123.4375,26.82,"9,674",
Col 173 Sector HI-M a55-0,A,A 2,L,c a,"L2 V, T0 V, T3 V",273,"1,535",0.22,5.2,5.1 (locked),NO,66.81,33.19,Regor,"1,153.85",115.32,1147.4375,-43.9375,-113.21875,N/A,"10,176",
Col 173 Sector HI-M a55-0,A,A 3,L,c,"L2 V, T0 V, T3 V",240,"1,273",0.18,0.4,0.6,YES,66.81,33.19,Regor,"1,153.85",115.32,1147.4375,-43.9375,-113.21875,N/A,"10,176",Pair with A 4
Col 173 Sector CH-L d8-14,D,D 1,M,a c,"F0 VI, G6 VAB, M1 VA, M9 VI",244,"2,224",0.33,25.8,25.8,NO,67.69,32.31,Regor,"1,154.48",130.32,1137.96875,-193.65625,-18.375,27.58,"1,940",
Col 173 Sector CH-L d8-14,D,D 3,M,a,"F0 VI, G6 VAB, M1 VA, M9 VI",211,"2,220",0.33,3.6,4.6,NO,67.69,32.31,Regor,"1,154.48",130.32,1137.96875,-193.65625,-18.375,27.58,"1,940",Pair wtih D 2
Col 173 Sector SB-Z c15-7,C,B 4,M,b c b,"K4 VA, M5 VA",225,"1,177",0.17,6.2,8.9,NO,67.23,32.77,Regor,"1,156.42",183.71,1156.03125,-29.9375,-3.625,N/A,"1,462",Pair with B 5
Col 173 Sector BX-I c10-7,C,B 2,M,a c b,"K2 VAB, M3 VA, T1 V",284,"2,015",0.30,5.2,6.7 (locked),NO,68.20,31.80,Regor,"1,158.41",133.96,1110.40625,-223.625,-242.6875,N/A,474,Pair with B 3 (ruins)
Col 173 Sector BX-I c10-7,C,B 3,M,c c,"K2 VAB, M3 VA, T1 V",284,"2,317",0.35,5.2,-5.6,NO,66.26,33.74,Regor,"1,158.41",133.96,1110.40625,-223.625,-242.6875,N/A,474,Pair with B 2 (ruins)
Col 173 Sector GM-V d2-3,D,AB 1 b,Y,c b a,"A7 VI, K1 VA",233,"1,298",0.15,2.9,2.9,NO,91.07,8.93,Regor,"1,159.87",403.25,1000.28125,-383.25,-444.8125,N/A,544,
Col 173 Sector GM-V d2-3,D,AB 1 c,Y,c b,"A7 VI, K1 VA",233,"1,332",0.16,4.4,4.4,NO,91.07,8.93,Regor,"1,159.87",403.25,1000.28125,-383.25,-444.8125,N/A,544,
Col 173 Sector OZ-U b33-6,B,A 1,M,a a c,"M7 VA, L7 V",284,"2,043",0.30,11.4,11.4,NO,66.88,33.12,Regor,"1,161.27",209.32,1160.90625,-20.03125,21.21875,N/A,"2,096",
Col 173 Sector AP-Q b21-2,B,A 8,M,b,"M4 VA, L9 V, T1 V",232,"2,393",0.35,5.2,6.4,NO,69.28,30.72,Regor,"1,162.39",108.28,1127.3125,-154.03125,-237.90625,26.28,"2,204",Pair with A 7
Col 173 Sector AP-Q b21-2,B,B 4,L,c a b,"M4 VA, L9 V, T1 V",243,"1,200",0.17,4.9,4.9,NO,67.50,32.50,Regor,"1,162.39",108.28,1127.3125,-154.03125,-237.90625,26.28,"2,204",
Col 173 Sector VV-C c13-7,C,AB 9 a,CIII,b b,"K1 VA, M0 VA, M6 VA",224,"1,033",0.12,0.9,0.9 (locked),YES,90.94,9.06,Regor,"1,173.83",228.12,1107.65625,-373.21875,-108.0625,27.97,328,
Col 173 Sector YA-N d7-17,D,A 2,G,a a,"G4 VAB, K6 VA",250,"2,529",0.38,413.9,1.1,NO,66.29,33.71,Regor,"1,174.64",117.59,1145.09375,-245.8125,-90.03125,N/A,"1,666",
Col 173 Sector YA-N d7-17,D,B 2,K,c,"G4 VAB, K6 VA",220,"1,007",0.14,23.0,27.0,NO,67.30,32.70,Regor,"1,174.64",117.59,1145.09375,-245.8125,-90.03125,N/A,"1,666",Pair with B 1
Swoilz PA-F b3-2,B,B 2,M,c c a,"M3 VA, M7 VA, L3 V",292,"1,821",0.27,15.6,15.6,NO,67.02,32.98,Regor,"1,177.14",423.05,1121.8125,-217.125,282.9375,27.05,"4,786",
Col 173 Sector OT-Q d5-18,D,D 2,M,c a a,"F4 VB, K9 VA, M8 VA, M8 VA",294,"1,966",0.29,25.8,25.8 (locked),NO,66.82,33.18,Regor,"1,177.55",100.47,1150.75,-124.03125,-216.8125,26.82,"3,298",
Col 173 Sector IY-H d10-54,D,B 9,M,b c,"G7 VA, M0 VA, M4 VA, M7 VA, T6 V",291,"1,194",0.17,90.0,1.2,NO,67.02,32.98,Regor,"1,178.91",325.22,1153.15625,-158.53125,186.90625,26.89,"1,786",
Col 173 Sector UU-O d6-42,D,A 1 c,Y,b c c,"F8 VB, K5 VA",300,"2,052",0.25,5.5,5.5,NO,91.00,9.00,Regor,"1,185.02",118.69,1147.09375,-252.8125,-156.65625,26.87,886,
Col 173 Sector JB-F b27-1,B,A 4,M,b c,"M1 VA, M8 VA, T3 V",283,"2,601",0.40,55.4,55.4 (locked),NO,66.72,33.28,Regor,"1,189.29",127.85,1154.96875,-259.96875,-113.46875,25.08,452,
Col 173 Sector JB-F b27-1,B,BC 3,M + T,b,"M1 VA, M8 VA, T3 V",273,"1,626",0.24,17.8,17.8 (locked),NO,66.72,33.28,Regor,"1,189.29",127.85,1154.96875,-259.96875,-113.46875,25.08,452,
Col 173 Sector WF-N d7-52,D,B 2,M,c c b,"G7 VA, M0 VA, M6 VA",297,"2,442",0.37,67.6,67.6,NO,67.25,32.75,Regor,"1,200.95",104.32,1186.6875,-166.1875,-80.1875,N/A,"1,884",
Col 173 Sector YF-N c7-5,C,B 2,L,a a c,"M1 VA, L3 V",280,"1,800",0.26,3.6,6.0,NO,67.14,32.86,Regor,"1,203.65",347.66,1073.21875,-392.25,-378.3125,N/A,"12,570",Pair with B 3 (ruins)
Col 173 Sector YF-N c7-5,C,B 3,L,b a,"M1 VA, L3 V",280,"1,496",0.22,3.6,4.5 (locked),NO,67.14,32.86,Regor,"1,203.65",347.66,1073.21875,-392.25,-378.3125,N/A,"12,570",Pair with B 2 (ruins)
Col 173 Sector KT-G b40-2,B,A 3,M,a a a,"M9 VI, M7 VA, T4 V",291,"2,698",0.41,8.2,-8.2,NO,66.57,33.43,Regor,"1,204.42",318.44,1172.03125,-221.34375,167.28125,N/A,"8,616",
Col 173 Sector EC-L d8-54,D,1 c,CIII,a a b,F5 VB,285,"1,791",0.22,14.1,14.1 (locked),NO,91.25,8.75,Regor,"1,218.99",213.16,1180.5625,-303.34375,-14.09375,26.93,"1,640",
Col 173 Sector PF-C c14-22,C,B 2,M,a b a,"M1 VA, M3 VA, M7 VA",228,"2,328",0.35,83.9,0.8,NO,65.92,34.08,Regor,"1,223.34",129.88,1212.90625,-142.78125,-70.90625,N/A,474,
Col 173 Sector OC-C b29-1,B,A 4,M,c b c,"M0 VA, M5 VA, M9 VI",298,"1,952",0.29,46.1,46.1 (locked),NO,67.21,32.79,Regor,"1,224.22",126.60,1206.46875,-190.59375,-82.625,N/A,"4,432",
Col 173 Sector UU-O d6-20,D,6 c,CIII,a b,G3 VAB,294,"2,378",0.29,2.5,-2.5,NO,91.20,8.80,Regor,"1,224.31",123.03,1192.09375,-209.15625,-184.65625,27.17,314,
Col 173 Sector UU-O d6-20,D,6 d,CIII,a,G3 VAB,278,"2,010",0.24,4.3,4.3 (locked),NO,91.20,8.80,Regor,"1,224.31",123.03,1192.09375,-209.15625,-184.65625,27.17,314,
Col 173 Sector DM-L c8-0,C,B 2,M,b a b,"K8 VA, M5 VA, L4 V",292,"1,960",0.29,36.2,36.2,NO,66.96,33.04,Regor,"1,228.27",347.60,1100.53125,-425,-341.84375,N/A,254,
Col 173 Sector DM-L c8-0,C,B 3,M,a,"K8 VA, M5 VA, L4 V",280,"1,871",0.28,42.8,42.8,NO,66.96,33.04,Regor,"1,228.27",347.60,1100.53125,-425,-341.84375,N/A,254,
Col 173 Sector UU-O d6-30,D,4 d,CIII,a c,F1 VI,290,"1,105",0.13,7.4,-7.4,NO,90.64,9.36,Regor,"1,228.47",128.63,1196.6875,-225.84375,-161.5,26.67,574,
Col 173 Sector UU-O d6-30,D,4 f,CIII,c,F1 VI,279,"1,137",0.13,17.4,-17.4,NO,90.99,9.01,Regor,"1,228.47",128.63,1196.6875,-225.84375,-161.5,26.67,574,
Col 173 Sector LJ-F c12-0,C,B 6,M,b b b,"G9 VAB, M3 VA, L9 V",302,"1,546",0.22,29.5,29.5 (locked),NO,67.73,32.27,Regor,"1,232.09",126.74,1202.125,-213.40625,-165.5625,26.18,"7,996",
Col 173 Sector LJ-F c12-0,C,B 7,M,a c,"G9 VAB, M3 VA, L9 V",243,"1,542",0.22,6.8,10.4,NO,67.73,32.27,Regor,"1,232.09",126.74,1202.125,-213.40625,-165.5625,26.18,"7,996",Pair with B 8
Col 173 Sector SA-C c14-1,C,A 5,K,c,"K6 VA, M4 VA",295,"2,095",0.31,86.5,86.5 (locked),NO,66.16,33.84,Regor,"1,234.09",126.00,1216.21875,-182.125,-103.0625,N/A,"5,848",
Col 173 Sector SA-C c14-1,C,B 4,M,c b,"K6 VA, M4 VA",282,"1,041",0.15,38.7,38.7 (locked),NO,67.24,32.76,Regor,"1,234.09",126.00,1216.21875,-182.125,-103.0625,N/A,"5,848",
Col 132 Sector GS-K d8-33,D,D 4,L,a c b,"G4 VAB, K9 VA, M5 VA, L7 V, M8 VA",295,"1,006",0.14,7.5,7.5,NO,67.13,32.87,Regor,"1,246.85",368.15,1111.5,-379.75,-418.3125,27.03,"1,260",
Col 173 Sector WN-B b29-1,B,D 1,T,c b b,"M4 VA, L1 V, M7 VA, T0 V",235,"2,082",0.31,3.1,3.1 (locked),NO,67.13,32.87,Regor,"1,264.57",180.39,1237.75,-247.375,-76.90625,26.48,"9,706",
Col 173 Sector FC-L d8-28,D,14 c,CIII,b a b,G0 VZ,239,"1,096",0.13,7.5,7.5,NO,90.98,9.02,Regor,"1,268.90",241.24,1231.09375,-307.21875,-10.96875,26.46,228,
Col 173 Sector LB-W b31-0,B,C 1,T,b b c,"M6 VA, L1 V, T6 V",242,"1,044",0.15,1.0,1.0 (locked),YES,67.38,32.62,Regor,"1,290.11",238.47,1258.5,-283.125,-20.09375,26.66,"5,792",
Col 173 Sector ID-Z c14-0,C,A 4,K,a a,"K6 VA, M8 VA",287,"2,247",0.34,94.6,-94.6,NO,65.70,34.30,Regor,"1,293.09",305.10,1228.90625,-401.4375,-26.96875,N/A,"6,326",
Col 173 Sector XF-N d7-105,D,A 4 a,CIII,a c c,"F0 VI, G2 VAB",224,"1,248",0.15,4.2,-4.2,NO,90.93,9.07,Regor,"1,306.32",214.20,1293.5625,-175.625,-48.3125,26.17,498,
Col 173 Sector YG-A c15-12,C,B 1,M,c c,"K5 VAB, M3 VA",276,"1,212",0.17,50.3,50.3 (locked),NO,66.54,33.46,Regor,"1,313.73",224.87,1301.71875,-172.84375,-39.375,N/A,"5,008",
Col 173 Sector VN-A b30-1,B,C 3,M,c a c,"M5 VA, L3 V, M3 VA",248,"2,137",0.32,57.6,57.6,NO,65.65,34.35,Regor,"1,317.13",222.63,1305.1875,-169.125,-52.125,N/A,"5,476",
Col 173 Sector ZK-O d6-24,D,3 a,CIII,c a c,F3 VI,296,"1,293",0.15,1.2,1.2,YES,90.93,9.07,Regor,"1,318.89",293.06,1250.0625,-397.9375,-135.90625,28.85,"2,052",
Col 173 Sector XY-Y b30-1,B,B 2,T,c a,"M5 VA, T0 V, L6 V",238,"1,378",0.20,5.5,5.5 (locked),NO,67.10,32.90,Regor,"1,320.01",236.54,1310.53125,-155.5,-27.65625,25.87,"5,328",
Col 173 Sector RH-C b29-1,B,B 3,L,a b b,"M4 VA, L7 V",278,"1,133",0.16,3.3,3.3 (locked),NO,67.70,32.30,Regor,"1,320.34",218.43,1306.15625,-179.21875,-71.71875,25.27,"11,024",
Col 173 Sector YG-A c15-20,C,A 1,K,b c,"K3 VA, M2 VA, L3 V",277,"1,574",0.23,142.5,1.0,NO,67.23,32.77,Regor,"1,329.11",229.53,1315.1875,-180.9375,-63.8125,N/A,"11,106",
Col 173 Sector YF-N d7-74,D,C 4,M,a a b,"K1 VA, M3 VA, M8 VA",245,"1,325",0.19,44.2,44.2,NO,66.72,33.28,Regor,"1,329.67",230.65,1315.75,-181.5625,-62.1875,N/A,"9,260",
NGC 2516 Sector UT-Z b2,B,A 1,M,c c,"M6 VA, L6 V, M9 VI, T0 V",298,"2,291",0.34,16.4,16.4 (locked),NO,67.18,32.82,Regor,"1,333.95",288.64,1294.3125,-322.46875,-13.78125,N/A,"5,450",
Col 173 Sector AU-Y b30-2,B,B 4,L,c b,"M6 VA, L5 V, Y0 V",290,"1,292",0.19,4.3,4.3 (locked),NO,66.99,33.01,Regor,"1,341.58",256.33,1329.46875,-178.09375,-25.40625,26.54,"2,292",
Trapezium Sector YU-X c1-2,C,1 a,HMCP,a,K5 VA,246,"2,382",0.31,8.4,8.5,NO,86.02,13.98,Battlegrounds,"1,344.50","1,175.90",573.59375,-339.46875,-1167.65625,N/A,"12,784",Body also has Thargoid signals and a structure
Col 173 Sector AU-Y b30-0,B,B 2,M,a b a,"M3 VA, M6 VA, L5 V",290,"2,031",0.30,14.8,14.8,NO,66.86,33.14,Regor,"1,345.89",256.95,1334.75,-169.53125,-33.46875,26.53,"7,964",
Col 173 Sector EH-L d8-41,D,1 a,Y,b a,G6 VA,221,"1,304",0.16,2.7,2.7 (locked),NO,91.00,9.00,Regor,"1,349.58",271.81,1333.75,-205.84375,-9.59375,26.61,850,
Col 173 Sector EM-L d8-27,D,4 a,Y,a c,F8 VAB,228,"1,909",0.23,2.3,2.3 (locked),NO,91.17,8.83,Regor,"1,491.70",408.28,1480.5,-182.3125,8,29.18,"2,920",
Col 173 Sector EM-L d8-60,D,8 a,CIII,c a,F4 VB,242,"2,141",0.26,3.6,3.6 (locked),NO,91.06,8.94,Regor,"1,521.62",436.54,1511.21875,-177.4375,7.40625,28.80,438,
Col 173 Sector GH-L d8-31,D,C 3,T,c a,"K3 VAB, M3 VA, T0 V",239,"1,473",0.22,4.9,-4.9,NO,64.18,35.82,Regor,"1,534.72",443.03,1519.6875,-214,-11.3125,25.54,"1,046",
Col 173 Sector KN-J d9-22,D,5 a,CIII,b a,F1 VI,211,"1,031",0.12,2.2,2.2,NO,90.95,9.05,Regor,"1,539.46",479.60,1514.8125,-263.875,75.125,26.68,"1,050",
Col 173 Sector JS-J d9-76,D,14 b,Y,b b,A9 VB,241,"1,455",0.17,2.8,2.8,NO,91.07,8.93,Regor,"1,556.33",496.76,1543.28125,-181.625,86.3125,26.88,"1,322",
Col 173 Sector JS-J d9-76,D,14 c,Y,a,A9 VB,222,"1,301",0.15,6.3,6.2,NO,91.07,8.93,Regor,"1,556.33",496.76,1543.28125,-181.625,86.3125,26.88,"1,322",
Col 173 Sector IE-R b34-3,B,B 2,L,a a,"M6 VA, L4 V, T4 V, T0 V",280,"1,225",0.18,0.3,0.5,YES,67.08,32.92,Regor,"1,583.32",505.32,1563.8125,-244.625,39.34375,N/A,"13,010",Pair with B 3
Blae Eork QU-D d13-3,D,3,F,c c b,F8 VI,234,"2,027",0.30,492.1,1.3,NO,67.36,32.64,Eta Carina,"9,001.97","8,000.74",8602.75,-219.8125,2641.9375,N/A,"7,554",
2MASS J10444160-5947046,D,1 b,CIII,a c,A5 V,245,"1,115",0.13,5.9,5.9,NO,91.16,8.84,Eta Carina,"9,038.10","8,043.21",8614.1875,-116.6875,2733.03125,25.84,"2,722",
Eta Carina Sector IM-V c2-4,C,A 2,K,a a c,"K2 VAB, K9 VA",206,"2,059",0.30,17.2,17.9,NO,67.32,32.68,Eta Carina,"9,046.18","8,050.23",8629.1875,-98.8125,2713.0625,N/A,490,Pair with A 1
Eta Carina Sector EL-Y d16,D,ABC 4 a,Y,c b c,"F5 VB, M3 VA, K6 VA",244,"1,757",0.21,2.2,2.1,YES,91.06,8.94,Eta Carina,"9,046.19","8,047.75",8636.59375,-156.1875,2686.71875,26.02,"2,264",
Blae Eork IF-G c27-13,C,A 1,K,c b b,"K0 VZ, M0 VZ, L0 VZ",279,"1,321",0.19,183.8,1.0,NO,66.51,33.49,Eta Carina,"9,067.64","8,066.75",8668.1875,-172.03125,2656.125,N/A,236,
Blae Eork NE-E d13-25,D,B 2,M,b a a,"F2 VB, M3 VA",227,"1,321",0.19,135.7,1.7,NO,67.20,32.80,Eta Carina,"9,075.23","8,077.37",8670.0625,-65.1875,2680.59375,N/A,"1,814",
Blae Eork RU-D d13-17,D,1 a,CIII,a a b,F3 VI,294,"1,039",0.12,1.5,1.4 (locked),YES,91.03,8.97,Eta Carina,"9,075.99","8,073.92",8675.5,-238.5,2655.625,26.62,"3,008",
Blae Eork RU-D d13-20,D,5 d,CIII,b a c,F2 VB,296,"1,652",0.20,19.0,19.0,NO,91.28,8.72,Eta Carina,"9,083.77","8,084.18",8675.25,-185.65625,2687.09375,26.52,"1,598",
Blae Eork UL-J b56-1,B,A 3,M,a a b,"M3 VA, L3 V, L4 V",283,"1,086",0.15,1.2,1.7 (locked),NO,67.44,32.56,Eta Carina,"9,120.34","8,122.07",8710.15625,-113.9375,2702,N/A,"12,868",Pair with A 2
Skaudai AM-B d14-138,D,AB 7 a,Y,b c c,"A8 VI, K9 VA, M2 VA",232,"2,031",0.25,1.1,1.1 (locked),YES,91.18,8.82,Skaudai,"11,797.18","12,454.07",-5477.59375,-504.15625,10436.25,28.05,420,
Prua Phoe US-B d86,D,C 2,L,b c c,"F7 VB, M6 VA, L6 V",284,"1,562",0.23,0.5,0.7 (locked),YES,67.12,32.88,Skaudai,"11,877.45","12,530.84",-5476.6875,-518.8125,10526.65625,27.15,648,Pair with C 3 (ruins)
Prua Phoe US-B d86,D,C 3,L,c a,"F7 VB, M6 VA, L6 V",284,"1,556",0.23,0.5,0.7 (locked),YES,67.12,32.88,Skaudai,"11,877.45","12,530.84",-5476.6875,-518.8125,10526.65625,27.15,648,Pair with C 2 (ruins)
Prua Phoe TS-B d252,D,C 6,M,b,"F5 VI, M1 VA, M8 VA, T4 V",282,"1,003",0.14,1.4,1.9,YES,67.22,32.78,Skaudai,"11,900.35","12,557.81",-5541.84375,-548.03125,10516.9375,27.49,"4,516",
Prua Phoe TS-B d252,D,D 1,T,b b c,"F5 VI, M1 VA, M8 VA, T4 V",276,"2,091",0.31,1.7,1.7,YES,67.22,32.78,Skaudai,"11,900.35","12,557.81",-5541.84375,-548.03125,10516.9375,27.49,"4,516",
Prua Phoe XY-Z d114,D,4 d,CIII,c,F4 VB,305,"1,099",0.13,4.0,4.0 (locked),NO,90.82,9.18,Skaudai,"11,914.36","12,569.07",-5517.78125,-566,10544.46875,30.41,"2,712",Hottest body
Prua Phoe XY-Z d114,D,4 f,CIII,c a c,F4 VB,283,"1,620",0.19,17.5,17.5,NO,91.17,8.83,Skaudai,"11,914.36","12,569.07",-5517.78125,-566,10544.46875,30.41,"2,712",
Prua Phoe XY-Z d42,D,7 a,Y,a b c,A9 VB,289,"1,868",0.23,2.6,-2.6,NO,90.47,9.53,Skaudai,"11,920.52","12,575.70",-5525.5625,-559.09375,10547.71875,29.51,662,
Prua Phoe XY-Z d42,D,8 a,Y,a a,A9 VB,275,"1,511",0.18,1.2,1.2,YES,90.97,9.03,Skaudai,"11,920.52","12,575.70",-5525.5625,-559.09375,10547.71875,29.51,662,
Nyeajeou VP-G b56-0,B,B 2,L,c b,"M4 VA, L6 V, M6 VA",280,"2,154",0.32,5.2,5.2,NO,67.26,32.74,Àrsaidh,"12,137.73","13,073.95",-9275.46875,-423.4375,7817.34375,25.80,"3,432",
Prai Hypoo RC-C d19,D,B 1,G,a b,"A9 VB, G5 VAB",290,"1,320",0.19,18.7,30.2,NO,66.71,33.29,Àrsaidh,"12,140.57","13,071.12",-9195.28125,-400.4375,7917.0625,N/A,"2,096",Pair with B 2
Prai Hypoo GF-E c10,C,B 4,L,c c c,"M1 VA, L1 V, M7 VA",280,"1,047",0.15,6.1,8.9,NO,66.86,33.14,Àrsaidh,"12,233.13","13,166.59",-9308.09375,-406.1875,7927.40625,N/A,"11,312",
Prai Hypoo QC-C d31,D,2 a,Y,a a,G4 VAB,286,"1,775",0.21,2.3,2.2 (locked),NO,91.00,9.00,Àrsaidh,"12,238.12","13,170.66",-9294.75,-379.9375,7952.03125,26.83,"1,526",
Prai Hypoo NQ-F b2-3,B,C 1,T,c c b,"M7 VA, L1 V, T1 V",278,"1,972",0.29,1.6,1.6,NO,67.28,32.72,Àrsaidh,"12,261.20","13,195.07",-9324.5625,-339.03125,7954.53125,27.15,"8,142",
Prai Hypoo PC-C d50,D,C 1,K,c c c,"A9 VB, F1 VI, K8 VA",215,"1,491",0.22,214.8,1.4,NO,67.40,32.60,Àrsaidh,"12,263.52","13,199.80",-9371.3125,-408.5,7899.71875,N/A,318,Pair with B 5
Prai Hypoo WD-A d1-6,D,10 a,Y,a a b,A5 VI,229,"1,289",0.15,1.6,1.6,NO,91.09,8.91,Àrsaidh,"12,263.93","13,194.66",-9302.25,-459.46875,7978.78125,27.23,"1,318",
Prai Hypoo WD-A d1-41,D,5 c,Y,c,A5 VI,280,"2,859",0.36,0.5,0.8,YES,90.95,9.05,Àrsaidh,"12,291.73","13,223.03",-9326.09375,-425.46875,7995.59375,26.71,844,Pair with 5 d
Blaa Hypai XR-I b26-0,B,A 3,M,a b a,"M4 VA, L1 V, M9 VI, L9 V",283,"1,912",0.28,27.3,27.3,NO,67.08,32.92,Hollow Veil,"12,379.94","12,445.06",1238.59375,-663.0625,12299.96875,N/A,"4,586",
Blaa Hypai BN-I b26-1,B,B 4,L,c,"M3 VA, L1 V, L5 V",300,"1,500",0.22,6.8,6.8,NO,67.05,32.95,Hollow Veil,"12,385.03","12,445.51",1290.3125,-666.375,12299.59375,N/A,"10,038",
Blaa Hypai EU-D c13-0,C,B 4,M,c c a,"K3 VA, M2 VA, L5 V",235,"1,255",0.18,5.0,5.8 (locked),NO,68.20,31.80,Hollow Veil,"12,392.59","12,456.16",1244.25,-752.1875,12307,N/A,"10,622",
Blaa Hypai OZ-O d6-16,D,4 c,CIII,b c c,F1 VB,299,"1,396",0.17,6.0,-5.9,NO,90.62,9.38,Hollow Veil,"12,397.89","12,458.07",1285.5,-731.65625,12309.34375,26.33,630,
Blaa Hypai LZ-F b27-0,B,A 5,M,c a c,"M4 VA, M6 VA, T4 V",298,"1,486",0.22,24.5,24.5,NO,66.90,33.10,Hollow Veil,"12,416.71","12,479.78",1251.4375,-752.71875,12330.53125,25.66,"12,927",
Blae Hypue DA-P d6-6,D,4 a,CIII,a b b,F3 VB,274,"1,676",0.20,1.3,1.2 (locked),YES,91.05,8.95,Hollow Veil,"12,417.73","12,491.18",1142.65625,-697.15625,12345.375,28.78,630,
Blae Hypue KG-C c14-5,C,B 1,M,a a b,"K3 VA, M2 VA",295,"1,721",0.25,48.3,48.3,NO,67.28,32.72,Hollow Veil,"12,440.66","12,511.81",1167.8125,-711.375,12365.28125,N/A,"12,474",
Blaa Hypai PB-A b31-0,B,B 5,M,a a c,"M3 VA, M8 VA, L9 V",293,"2,614",0.40,12.4,12.4,NO,67.12,32.88,Hollow Veil,"12,476.39","12,542.22",1239.5,-642.5625,12398.03125,26.24,"11,078",
Graea Hypue QY-Z d179,D,B 3,M,a b,"G8 VA, M4 VA, T3 V",280,"1,703",0.25,27.8,27.8,NO,66.51,33.49,Graea Hypue,"13,198.88","13,452.87",-988.71875,-564.5,13149.6875,26.55,"1,544",
Graea Hypue QY-Z d179,D,B 4,M,a,"G8 VA, M4 VA, T3 V",214,"1,750",0.26,69.5,69.5,NO,66.51,33.49,Graea Hypue,"13,198.88","13,452.87",-988.71875,-564.5,13149.6875,26.55,"1,544",
Graea Hypue OJ-W c3-34,C,C 1,L,c c,"K5 VA, M4 VA, L0 V",286,"1,693",0.25,0.8,1.1,YES,66.76,33.24,Graea Hypue,"13,224.82","13,479.43",-999,-562.53125,13175.03125,N/A,"11,402",Pair with C 2 (ruins)
Graea Hypue OJ-W c3-34,C,C 2,L,b,"K5 VA, M4 VA, L0 V",286,"1,581",0.23,0.8,0.3,YES,66.76,33.24,Graea Hypue,"13,224.82","13,479.43",-999,-562.53125,13175.03125,N/A,"11,402",Pair with C 1 (ruins)
Graea Hypue YX-S b7-4,B,B 2,T,b b,"M7 VA, T1 V, L7 V",291,"1,320",0.19,1.8,-1.7,YES,65.98,34.02,Graea Hypue,"13,228.68","13,487.43",-1049.78125,-555.6875,13175.25,N/A,"12,348",
Graea Hypue YX-S b7-4,B,B 3,T,c,"M7 VA, T1 V, L7 V",273,"1,384",0.20,2.4,2.3,NO,67.41,32.59,Graea Hypue,"13,228.68","13,487.43",-1049.78125,-555.6875,13175.25,N/A,"12,348",
Graea Hypue VZ-X d1-92,D,5 b,CIII,a a,A8 VB,297,"1,564",0.19,2.1,2.1,YES,90.81,9.19,Graea Hypue,"13,249.19","13,505.72",-1031.75,-606.375,13195.03125,27.80,"1,796",
Graea Hypue YE-Y d1-212,D,3 a,CIII,c c,A7 VB,242,"1,820",0.22,1.1,-1.0,YES,90.22,9.78,Graea Hypue,"13,262.07","13,486.99",-637.6875,-577.125,13234.15625,29.64,"1,132",
Graea Hypue AA-Z e24,E,12 b,TTS,c a,B0 VZ,291,"2,006",0.24,4.1,4.1 (locked),NO,91.07,8.93,Graea Hypue,"13,264.02","13,488.67",-632.5,-562.09375,13237,30.29,204,
Graea Hypue AA-Z e24,E,12 c,TTS,b,B0 VZ,287,"1,736",0.21,6.0,6.0,NO,91.07,8.93,Graea Hypue,"13,264.02","13,488.67",-632.5,-562.09375,13237,30.29,204,
Graea Hypue UE-Y d1-58,D,C 1,F,a b,"A8 VI, M2 VA, F8 VB",295,"1,418",0.20,451.8,1.9,NO,67.24,32.76,Graea Hypue,"13,281.14","13,537.16",-1017.5,-524.3125,13231.71875,N/A,940,
Graea Hypue UE-Y d1-58,D,C 5,F,b,"A8 VI, M2 VA, F8 VB",228,"1,192",0.17,51.4,1.4,NO,67.87,32.13,Graea Hypue,"13,281.14","13,537.16",-1017.5,-524.3125,13231.71875,N/A,940,Pair with C 4
Graea Hypue GH-M b11-1,B,B 1,L,c a,"M8 VA, L2 V, T5 V",294,"1,271",0.18,4.8,4.8,NO,66.81,33.19,Graea Hypue,"13,283.24","13,507.60",-624.4375,-518.0315,13258.4375,25.40,"10,824",
Graea Hypue QY-J b12-7,B,B 4,L,c b,"M2 VA, L2 V, M4 VA",282,"1,677",0.24,0.4,0.6,YES,67.42,32.58,Graea Hypue,"13,309.24","13,531.75",-611.625,-575.4375,13282.71875,N/A,"12,914",Pair with B 5 (ruins)
Graea Hypue QY-J b12-7,B,B 5,L,c,"M2 VA, L2 V, M4 VA",282,"1,582",0.23,0.4,0.5,YES,67.42,32.58,Graea Hypue,"13,309.24","13,531.75",-611.625,-575.4375,13282.71875,N/A,"12,914",Pair with B 4 (ruins)
Graea Hypue DL-W d2-16,D,3,F,a a,F5 VB,298,"1,349",0.19,16.1,21.5,NO,67.26,32.74,Graea Hypue,"13,311.82","13,532.81",-588,-539.5625,13287.875,N/A,762,Pair with 2
Graea Hypue KI-K b12-13,B,B 1,L,b b,"M2 VA, L9 V",276,"1,520",0.22,2.9,2.9,NO,66.96,33.04,Graea Hypue,"13,313.04","13,539.02",-649.625,-537.53125,13286.3125,26.00,"11,318",
Graea Hypue AG-V d3-60,D,9 a,Y,b b,F3 VI,217,"1,265",0.15,3.2,3.2,NO,90.95,9.05,Graea Hypue,"13,355.74","13,585.05",-663.21875,-310.1875,13335.65625,33.36,720,
Graea Hypue AG-V d3-254,D,A 6 b,HRGG,b,"F1 VI, G6 VA",250,"1,425",0.17,3.2,3.2,NO,91.14,8.86,Graea Hypue,"13,366.62","13,596.88",-676.25,-312.5625,13345.84375,33.61,"1,084",
Graea Hypue AG-V d3-254,D,A 8 a,Y,c b,"F1 VI, G6 VA",203,"1,552",0.19,4.2,4.2,NO,91.13,8.87,Graea Hypue,"13,366.62","13,596.88",-676.25,-312.5625,13345.84375,33.61,"1,084",
Graea Hypue AG-V d3-65,D,7 a,HRGG,c b,A8 VB,274,"1,094",0.13,1.3,-1.2,YES,91.05,8.95,Graea Hypue,"13,368.93","13,598.38",-669.9375,-338.53125,13347.84375,34.22,"1,160",
Graea Hypue AG-V d3-65,D,8 b,HRGG,b,A8 VB,238,"1,009",0.12,3.4,3.4,NO,91.15,8.85,Graea Hypue,"13,368.93","13,598.38",-669.9375,-338.53125,13347.84375,34.22,"1,160",
Graea Hypue AG-V d3-25,D,A 7 a,HRGG,a b,"F6 VB, K0 VA",301,"1,077",0.13,2.1,2.1,YES,91.12,8.88,Graea Hypue,"13,390.38","13,622.15",-698.9375,-324.46875,13368.1875,32.95,"1,878",
Graea Hypue AG-V d3-25,D,A 10 b,HRGG,a,"F6 VB, K0 VA",232,"1,047",0.12,1.5,1.5,NO,90.81,9.19,Graea Hypue,"13,390.38","13,622.15",-698.9375,-324.46875,13368.1875,32.95,"1,878",
Graea Hypue QG-Q c7-17,C,C 1,M,b c,"K3 VA, M1 VA, M9 VI",281,"2,245",0.34,15.7,15.6,NO,66.99,33.01,Graea Hypue,"13,418.89","13,685.88",-1150.15625,-376.03125,13364.21875,N/A,"8,920",
Graea Hypue QG-Q c7-17,C,C 2,M,a,"K3 VA, M1 VA, M9 VI",249,"2,370",0.36,26.1,26.0,NO,66.99,33.01,Graea Hypue,"13,418.89","13,685.88",-1150.15625,-376.03125,13364.21875,N/A,"8,920",
Graea Hypue ZR-O c8-117,C,B 1,M,a a,"K3 VA, M8 VA, L5 V",292,"2,482",0.37,9.8,9.8,NO,67.45,32.55,Graea Hypue,"13,425.05","13,672.53",-900.6875,-339.625,13390.5,N/A,"8,352",
Graea Hypue UT-D b17-5,B,C 3,L,c,"M9 VI, L4 V, L4 V, T6 V",298,"1,557",0.23,3.2,3.2,NO,67.48,32.52,Graea Hypue,"13,425.56","13,673.17",-897.125,-300.15625,13392.1875,28.89,"1,548",
Graea Hypue UT-D b17-5,B,D 1,T,a a,"M9 VI, L4 V, L4 V, T6 V",236,"1,225",0.18,0.9,0.9,YES,67.48,32.52,Graea Hypue,"13,425.56","13,673.17",-897.125,-300.15625,13392.1875,28.89,"1,548",
Graea Hypue WA-V d3-215,D,B 1,M,a,"F4 VB, M2 VA, L0 V",248,"1,586",0.23,106.9,1.3,NO,67.01,32.99,Graea Hypue,"13,432.33","13,699.43",-1157.1875,-405.53125,13376.25,N/A,610,
Graea Hypue WA-V d3-215,D,C 1,L,b a,"F4 VB, M2 VA, L0 V",234,"1,155",0.17,27.0,27.0 (locked),NO,67.01,32.99,Graea Hypue,"13,432.33","13,699.43",-1157.1875,-405.53125,13376.25,N/A,610,
Graea Hypue ZV-U d3-301,D,A 9 a,CIII,b a,"A7 VB, M0 VA",297,"1,083",0.13,0.8,0.8 (locked),YES,90.83,9.17,Graea Hypue,"13,448.10","13,709.70",-1093.59375,-432.25,13396.59375,28.13,294,
Graea Hypue ZV-U d3-301,D,A 9 c,CIII,a,"A7 VB, M0 VA",219,"1,422",0.17,8.9,8.9,NO,90.83,9.17,Graea Hypue,"13,448.10","13,709.70",-1093.59375,-432.25,13396.59375,28.13,294,
Graea Hypue BH-T d4-242,D,B 5,M,b,"G3 VAB, M1 VA, M9 VI",298,"1,931",0.28,7.1,11.1,NO,67.25,32.75,Graea Hypue,"13,465.79","13,727.89",-1094.09375,-374.78125,13416.03125,N/A,"1,866",Pair with B 6
Graea Hypue BH-T d4-242,D,C 4,M,a a,"G3 VAB, M1 VA, M9 VI",278,"1,508",0.22,23.1,23.1 (locked),NO,67.25,32.75,Graea Hypue,"13,465.79","13,727.89",-1094.09375,-374.78125,13416.03125,N/A,"1,866",
Graea Hypue LS-S d4-81,D,AB 5 a,Y,a a,"A0 VZ, K0 VZ",215,"2,196",0.27,3.4,3.4,NO,91.10,8.90,Graea Hypue,"13,468.45","13,701.10",-760.8125,-641.09375,13431.65625,27.07,230,
Graea Hypue LS-S d4-81,D,AB 6 b,Y,a c,"A0 VZ, K0 VZ",237,"1,085",0.13,2.3,2.3 (locked),NO,91.08,8.92,Graea Hypue,"13,468.45","13,701.10",-760.8125,-641.09375,13431.65625,27.07,230,
Graea Hypue LS-S d4-81,D,AB 6 c,Y,c b,"A0 VZ, K0 VZ",226,"1,236",0.15,3.5,3.4 (locked),NO,91.08,8.92,Graea Hypue,"13,468.45","13,701.10",-760.8125,-641.09375,13431.65625,27.07,230,
Graea Hypue LS-S d4-3,D,4 a,Y,c,A7 VI,234,"2,246",0.28,1.3,1.3,YES,91.16,8.84,Graea Hypue,"13,470.98","13,701.48",-726.96875,-589.90625,13438.40625,26.87,938,
Graea Hypue LS-S d4-3,D,6 a,Y,c b,A7 VI,241,"1,281",0.15,1.2,1.2 (locked),YES,91.16,8.84,Graea Hypue,"13,470.98","13,701.48",-726.96875,-589.90625,13438.40625,26.87,938,
Graea Hypue QL-V b19-15,B,C 3,L,a c,"M6 VA, L3 V, L4 V, T1 V",296,"1,698",0.25,0.4,0.7 (locked),YES,66.55,33.45,Graea Hypue,"13,479.80","13,717.20",-819.125,-623.34375,13440.4375,N/A,"6,240",Pair with C 4 (ruins)
Graea Hypue QL-V b19-15,B,C 4,L,c a,"M6 VA, L3 V, L4 V, T1 V",296,"1,438",0.21,0.4,0.7 (locked),YES,66.55,33.45,Graea Hypue,"13,479.80","13,717.20",-819.125,-623.34375,13440.4375,N/A,"6,240",Pair with C 3 (ruins)
Graea Hypue QL-V b19-15,B,D 2,T,a c,"M6 VA, L3 V, L4 V, T1 V",284,"1,258",0.18,1.8,1.7,YES,66.55,33.45,Graea Hypue,"13,479.80","13,717.20",-819.125,-623.34375,13440.4375,N/A,"6,240",
Graea Hypue NY-Q d5-118,D,9 a,Y,b c,F3 VI,217,"1,653",0.20,1.3,1.3 (locked),YES,90.34,9.66,Graea Hypue,"13,572.28","13,816.69",-915.25,-613.78125,13527.46875,33.99,"1,304",
Graea Hypue NY-Q d5-111,D,5 a,Y,c c,F6 VB,277,"1,219",0.14,1.5,1.5 (locked),NO,90.81,9.19,Graea Hypue,"13,574.96","13,817.71",-898.625,-643.09375,13529.90625,31.62,"2,368",
Graea Hypue NY-Q d5-148,D,8 a,Y,c a,A6 VI,277,"1,314",0.16,6.1,6.1 (locked),NO,91.07,8.93,Graea Hypue,"13,576.49","13,821.38",-922.84375,-621,13530.84375,31.62,738,
Graea Hypue PT-Q d5-97,D,7 c,Y,c b,A8 VI,289,"2,205",0.27,4.7,4.6 (locked),NO,91.21,8.80,Graea Hypue,"13,577.24","13,820.24",-905.25,-665.78125,13530.65625,33.92,"2,476",
Graea Hypue PT-Q d5-99,D,7 a,Y,c,A9 VI,293,"1,419",0.17,0.8,-0.8,YES,90.99,9.01,Graea Hypue,"13,589.57","13,833.02",-915.71875,-690.9375,13541.0625,32.46,596,
Graea Hypue PT-Q d5-122,D,10 a,Y,c c,F1 VI,223,"1,138",0.13,1.1,1.1,YES,91.08,8.92,Graea Hypue,"13,598.20","13,839.10",-885.34375,-698.71875,13551.34375,33.17,"1,332",
Graea Hypue PT-Q d5-122,D,10 b,Y,c,F1 VI,217,"1,152",0.14,1.5,1.5 (locked),NO,91.08,8.92,Graea Hypue,"13,598.20","13,839.10",-885.34375,-698.71875,13551.34375,33.17,"1,332",
Graea Hypue LO-P d6-194,D,14 a,Y,b c,A7 VI,242,"1,706",0.21,1.0,1.0 (locked),YES,91.10,8.90,Graea Hypue,"13,661.07","13,915.68",-1037.65625,-492.65625,13612.6875,28.23,"1,292",
Graea Hypue LO-P d6-194,D,14 b,Y,a,A7 VI,234,"1,571",0.19,1.6,1.5,NO,91.10,8.90,Graea Hypue,"13,661.07","13,915.68",-1037.65625,-492.65625,13612.6875,28.23,"1,292",
Graea Hypue BX-G b28-27,B,B 1,L,c a,"M4 VA, L0 V",246,"1,582",0.23,11.5,11.4 (locked),NO,66.84,33.16,Graea Hypue,"13,671.72","13,926.67",-1041.78125,-483.125,13623.40625,N/A,"4,772",
NGC 3199 Sector XJ-A d10,D,11 a,Y,b a,A5 VI,226,"1,772",0.21,0.9,0.9 (locked),YES,91.04,8.96,NGC 3199,"14,958.67","13,924.73",14544.0625,-237.625,3489.375,26.58,"1,320",
NGC 3199 Sector XJ-A d10,D,13 b,Y,c,A5 VI,248,"1,501",0.18,8.0,7.9 (locked),NO,91.04,8.96,NGC 3199,"14,958.67","13,924.73",14544.0625,-237.625,3489.375,26.58,"1,320",
NGC 3199 Sector DL-Y d12,D,1 a,Y,a b,A9 VI,281,"1,150",0.14,0.8,-0.8,YES,90.52,9.48,NGC 3199,"14,983.91","13,949.79",14563.875,-302.53125,3509.9375,25.93,"2,882",
Drokoe ML-M b40-0,B,C 1,L,c b,"M7 VA, L8 V, L7 V, L0 V",279,"1,098",0.16,0.4,0.6 (locked),YES,67.23,32.77,NGC 3199,"14,988.43","13,958.65",14539.03125,-222.3125,3635.96875,N/A,"11,354",Pair with C 2 (ruins)
Drokoe ML-M b40-0,B,C 2,L,b,"M7 VA, L8 V, L7 V, L0 V",279,"1,032",0.15,0.4,0.5 (locked),YES,67.23,32.77,NGC 3199,"14,988.43","13,958.65",14539.03125,-222.3125,3635.96875,N/A,"11,354",Pair with C 1 (ruins)
NGC 3199 Sector BV-Y c2,C,B 1,M,c c,"K5 VA, M1 VA",282,"1,434",0.21,18.3,4.8,NO,64.98,35.02,NGC 3199,"15,008.77","13,974.61",14595.53125,-225.84375,3490.34375,N/A,470,
NGC 3199 Sector CQ-Y d6,D,B 4,K,c b,"F9 VAB, K7 VA",300,"2,040",0.30,140.3,2.2,NO,67.22,32.78,NGC 3199,"15,029.71","13,997.34",14596.96875,-264.6875,3570.78125,N/A,"1,214",
Drokoe SB-M b40-0,B,C 2,T,b a,"M2 VA, M9 VI, T7 V",227,"1,237",0.18,2.5,-2.5,NO,65.04,34.96,NGC 3199,"15,041.86","14,011.70",14591.0625,-252.28125,3646.1875,N/A,894,
Drokoe FU-O b39-0,B,C 7,M,b c,"M4 VA, L1 V, M5 VA, L6 V",277,"2,048",0.30,32.9,32.9,NO,66.95,33.05,NGC 3199,"15,042.99","14,012.90",14600.21875,-160.15625,3619.3125,N/A,"12,919",
NGC 3199 Sector IM-V c2-5,C,B 3,TTS,b b,"TTS2 VA, TTS2 VI, TTS4 VI",280,"1,122",0.16,0.8,0.8,YES,67.06,32.94,NGC 3199,"15,048.86","14,016.47",14619.96875,-220.375,3560.375,26.20,202,Pair with B 4 (ruins)
NGC 3199 Sector IM-V c2-5,C,B 4,TTS,a,"TTS2 VA, TTS2 VI, TTS4 VI",280,"1,080",0.15,0.8,1.1,YES,67.06,32.94,NGC 3199,"15,048.86","14,016.47",14619.96875,-220.375,3560.375,26.20,202,Pair with B 3 (ruins)
NGC 3199 Sector MC-V c2-8,C,A 5,TTS,a b,"TTS6 IVB, TTS8 IVB",240,"1,215",0.17,43.9,7.5,NO,67.11,32.89,NGC 3199,"15,049.74","14,016.86",14619.8125,-275.40625,3560.90625,N/A,210,
Eorl Auwsy YF-Y b56-16,B,B 3,M,c a,"M3 VA, M9 VI, T1 V",279,"2,183",0.32,7.8,7.8 (locked),NO,67.47,32.53,Eorl Auwsy,"21,222.46","21,126.05",4953.46875,155.8125,20635.6875,27.22,"9,182",
Eorl Auwsy YF-Y b56-16,B,C 3,T,c,"M3 VA, M9 VI, T1 V",230,"1,515",0.22,3.6,3.6,NO,67.47,32.53,Eorl Auwsy,"21,222.46","21,126.05",4953.46875,155.8125,20635.6875,27.22,"9,182",
Eorl Auwsy SY-Z d13-3732,D,9 a,CIII,c c,G2 VAB,239,"1,093",0.13,0.9,0.9,YES,91.04,8.96,Eorl Auwsy,"21,223.22","21,126.58",4958.9375,163.9375,20635.09375,26.35,"5,760",
Eorl Auwsy SY-Z d13-3732,D,9 b,CIII,c,G2 VAB,221,"1,029",0.12,1.5,1.5,NO,91.04,8.96,Eorl Auwsy,"21,223.22","21,126.58",4958.9375,163.9375,20635.09375,26.35,"5,760",
Eorl Auwsy SY-Z d13-450,D,1 a,Y,b b,A6 VAB,294,"1,301",0.15,2.7,2.7,NO,90.84,9.16,Eorl Auwsy,"21,225.14","21,128.16",4962.4375,139.15625,20636.40625,25.91,"1,772",
Eorl Auwsy SY-Z d13-3861,D,3 c,Y,c b,F7 VB,243,"2,413",0.30,6.0,6.0 (locked),NO,91.26,8.74,Eorl Auwsy,"21,227.55","21,131.44",4950.3125,166.8125,20641.59375,26.03,942,
Eorl Auwsy SY-Z d13-3861,D,4 c,Y,a,F7 VB,209,"1,137",0.13,3.6,3.5,NO,91.26,8.74,Eorl Auwsy,"21,227.55","21,131.44",4950.3125,166.8125,20641.59375,26.03,942,
Eorl Auwsy SY-Z d13-3468,D,ABC 1 h,CIV,a,"F2 VB, M4 VA, L7 V",239,"1,197",0.14,32.3,32.3,NO,91.27,8.73,Eorl Auwsy,"21,239.69","21,143.79",4948.46875,165.0625,20654.53125,26.32,"1,058",
Eorl Auwsy SY-Z d13-3468,D,ABC 3 c,CIV,b c,"F2 VB, M4 VA, L7 V",241,"1,722",0.21,3.3,3.3 (locked),NO,91.26,8.74,Eorl Auwsy,"21,239.69","21,143.79",4948.46875,165.0625,20654.53125,26.32,"1,058",
